{
  "version": 1,
  "author": "Betasa, Mark Ian G.",
  "editor": "wokwi",
  "parts": [
    { "type": "board-esp32-devkit-c-v4", "id": "esp", "top": 0, "left": 0, "attrs": {} },
    { "type": "wokwi-relay-module", "id": "relay1", "top": 57.8, "left": 201.6, "attrs": {} },
    { "type": "wokwi-led", "id": "led1", "top": -3.6, "left": -92.2, "attrs": { "color": "red" } },
    {
      "type": "wokwi-pushbutton",
      "id": "btn1",
      "top": 179,
      "left": 144,
      "attrs": { "color": "green", "xray": "1" }
    },
    {
      "type": "wokwi-resistor",
      "id": "r1",
      "top": 100.8,
      "left": -106.15,
      "rotate": 90,
      "attrs": { "value": "220" }
    },
    { "type": "wokwi-hc-sr04", "id": "ultrasonic1", "top": 78.3, "left": -330.5, "attrs": {} },
    { "type": "wokwi-hc-sr04", "id": "ultrasonic2", "top": -104.1, "left": 149.5, "attrs": {} },
    { "type": "wokwi-hc-sr04", "id": "ultrasonic3", "top": 308.7, "left": 139.9, "attrs": {} },
    { "type": "wokwi-servo", "id": "servo1", "top": 84.4, "left": 432, "attrs": {} }
  ],
  "connections": [
    [ "esp:TX", "$serialMonitor:RX", "", [] ],
    [ "esp:RX", "$serialMonitor:TX", "", [] ],
    [ "btn1:1.l", "esp:2", "green", [ "h0" ] ],
    [ "btn1:2.r", "esp:GND.3", "black", [ "h9.8", "v-47.8", "h-96", "v-48" ] ],
    [ "relay1:IN", "esp:19", "green", [ "h0" ] ],
    [ "relay1:VCC", "esp:5V", "red", [ "h-28.8", "v-38.4", "h192", "v220.8", "h-364.8" ] ],
    [ "relay1:COM", "esp:5V", "red", [ "h58.8", "v181", "h-384", "v-67.2" ] ],
    [ "led1:A", "relay1:NO", "green", [ "v115.2", "h0", "v86.4", "h393.6" ] ],
    [ "led1:C", "r1:1", "black", [ "v0" ] ],
    [ "r1:2", "esp:GND.1", "black", [ "h0", "v18" ] ],
    [ "relay1:GND", "esp:GND.2", "black", [ "h-67.2", "v-58" ] ],
    [ "ultrasonic1:GND", "esp:GND.1", "black", [ "v9.6", "h210", "v-38.4" ] ],
    [ "ultrasonic1:VCC", "esp:5V", "red", [ "v0" ] ],
    [ "ultrasonic1:TRIG", "esp:12", "green", [ "v19.2", "h220.4", "v-48" ] ],
    [ "ultrasonic1:ECHO", "esp:14", "green", [ "v19.2", "h210.4", "v-57.6" ] ],
    [
      "ultrasonic3:GND",
      "esp:GND.3",
      "black",
      [ "v9.6", "h85.2", "v-134.4", "h0", "v-153.6", "h-192", "v-38.4" ]
    ],
    [ "ultrasonic3:VCC", "esp:5V", "red", [ "v0", "h-201.6" ] ],
    [ "ultrasonic3:TRIG", "esp:4", "green", [ "v19.2", "h114.8", "v-192", "h0", "v-76.8" ] ],
    [ "esp:16", "ultrasonic3:ECHO", "green", [ "h244.84", "v9.6", "h0", "v288", "h-105.6" ] ],
    [ "ultrasonic2:GND", "esp:GND.3", "black", [ "v28.8", "h-87.6", "v67.2" ] ],
    [ "ultrasonic2:ECHO", "esp:17", "green", [ "v19.2", "h-87.2", "v115.2" ] ],
    [ "ultrasonic2:TRIG", "esp:5", "green", [ "v9.6", "h-77.2", "v105.6" ] ],
    [ "ultrasonic2:VCC", "esp:5V", "red", [ "v-9.6", "h-249.6", "v220.8" ] ],
    [ "servo1:GND", "esp:GND.1", "black", [ "h-48", "v144", "h-403.2", "v-124.8" ] ],
    [ "servo1:V+", "esp:3V3", "green", [ "h-38.4", "v144.1", "h-432", "v-259.2" ] ],
    [ "servo1:PWM", "esp:23", "green", [ "h-28.8", "v-105.4" ] ]
  ],
  "dependencies": {}
}